"V1","V2","V3","V4","V5","V6","V7","V8","V9","V10","V11","V12","V13","V14","V15","V16","V17","V18","V19","V20","V21","V22","V23","V24","V25","V26","V27","V28","V29","V30","V31"
2840,998,669,697,658,635,607,347,393,357,250,94.6,2040,307,300,172,129,92.4,61.7,324,232,209,12.8,6.4,29.3,29.7,24.9,222,243,827,913
2300,1030,658,654,607,592,599,294,308,255,128,51.8,1470,349,341,165,98.8,52.4,30.6,402,239,151,14,7.6,33.6,33.3,31.2,88.4,85,510,489
2150,803,497,461,444,433,439,228,221,172,162,53.7,1460,307,284,165,108,74.5,59.6,238,189,161,12,4.7,33.6,31.9,29,85.6,77.1,536,462
2010,861,589,574,555,553,531,344,326,269,110,33.6,1220,300,262,147,98.8,63.1,46.2,236,167,143,10.8,4,36.9,36.5,30.1,70,61.8,489,414
2240,744,482,457,422,420,419,210,186,168,148,67.3,1580,269,262,167,114,80.3,65.9,217,179,168,18.2,11,21.3,22.4,18,72.4,55.6,503,460
1900,577,328,354,326,288,325,167,162,136,103,33.6,1390,283,256,176,101,57.6,43.2,189,157,140,11.8,4,28.7,27.6,23.9,73.7,65.9,582,506
2500,1020,654,697,610,586,565,331,359,332,210,89.7,1740,304,298,176,113,79.1,54.3,329,225,205,23,15.8,40.8,47.8,34.5,85.6,87.6,601,492
1650,613,429,424,375,355,345,221,193,162,109,47.5,1060,182,146,60.3,55.2,20.4,19.4,123,97.2,89,21,13.4,17.2,15.3,14.4,56.5,37,350,307
1600,609,388,366,328,318,309,162,143,118,51.1,30.4,992,189,190,77.9,56,23.9,20.2,108,78.3,72.8,11,5,22.8,21.8,19.9,52.9,48.5,353,350
2600,966,706,684,500,468,461,302,286,228,158,81.8,1570,253,239,116,85.6,56.5,47,175,125,126,88.3,64,117,116,78.6,149,145,686,673
2440,1110,876,861,695,674,643,456,364,298,173,67.5,1370,253,254,112,86.7,54.5,45,184,125,114,92,69.3,79.9,75.8,66.4,89.3,80.1,519,485
2280,835,616,607,530,535,509,291,259,230,158,76.4,1520,258,267,174,136,97.1,71.7,233,179,161,41,29,60.3,51.5,29.4,152,167,650,648
2610,849,609,596,550,517,489,246,216,162,127,50.8,1900,258,267,137,124,91.2,73.9,271,223,185,34,28.2,37.5,29.7,24.1,72.9,65.9,582,567
1840,653,468,470,403,384,381,211,195,154,105,44.6,1270,206,210,91.6,71.3,39.8,30.9,177,123,112,31.1,21.9,29.3,28.3,30.5,71.7,67.2,406,450
1630,515,364,356,301,276,274,155,153,121,90.4,49.2,1170,175,173,70,57.7,23.9,18.7,128,98.5,87.9,40,32.9,22.3,21.2,16.2,60.5,58,424,476
2000,560,380,381,328,309,289,142,135,114,55.1,33.4,1460,182,161,74.4,56.9,32.8,20.5,139,111,102,27.3,19.4,25.9,25.6,21.1,51.4,46.4,426,437
1780,717,519,477,392,374,357,159,148,115,54.3,30.8,1010,194,184,72.2,56,24.6,16.1,152,126,104,34,22.6,30.5,29,23.1,63.7,61.8,424,430
1430,457,321,322,264,249,228,142,141,114,116,65.7,984,142,149,85.2,71.3,56.5,33.9,103,78.1,65.9,36,28.2,31.1,35.7,25.1,34.8,42.1,266,316
2780,673,480,480,405,402,391,206,189,152,90,47,2120,207,184,110,69.3,35.7,28.9,207,172,152,33.5,24,27,24.9,24.1,107,110,716,675
2940,1020,722,698,600,583,550,347,330,254,106,45.5,2080,331,336,150,86.7,53,39.9,196,121,111,46.1,28.5,53.6,51.5,41.6,103,103,764,707
1970,693,500,492,419,410,431,225,199,156,147,73.1,1420,233,234,157,109,73.6,43.9,217,151,138,31.5,21.2,36.9,28.3,32.8,111,113,594,550
2000,463,319,318,266,254,231,108,101,81.3,43.2,31.8,1680,161,158,74.4,61.1,29.3,23.2,122,100,97.8,25.5,14.1,21.8,20.6,18.2,75.6,77.5,688,651
1570,379,243,236,202,192,187,103,94.3,85.2,50.3,21.9,1170,136,131,60.3,49.4,22.8,17.8,87.3,73,76.2,20,10,18.1,17.9,15.2,75.3,87.9,447,452
2010,604,416,421,335,320,311,165,153,128,83.3,38.5,1460,190,199,101,68.4,40.5,29.9,151,123,112,34.6,26.1,42.2,41.6,33.9,101,83.4,562,547
1720,475,340,336,299,288,284,148,137,123,61.9,31.2,1260,140,137,63.5,50.3,21.3,16.1,136,115,108,20.8,12,27,25.6,22.1,62.6,55.2,470,462
2000,812,544,514,424,415,381,198,181,140,84.3,50.1,1230,248,248,102,67.5,36.6,28.9,161,125,112,30.5,22,33.6,29.7,26.1,87.6,86.4,475,482
1250,379,258,247,218,209,205,120,106,70.4,33.3,16.3,858,130,125,55.1,47.8,20.6,17.8,84.9,67,59.6,17.5,9.6,24.3,23,19.1,35.6,33.9,303,288
1830,700,522,534,430,415,390,243,222,239,152,63,1110,203,190,85.2,71.1,33.8,21.8,162,107,91.5,43,29.7,60.3,46,55.9,70,71.9,341,354
1780,574,403,400,369,355,352,235,221,172,113,50,1310,175,190,104,62.8,33.1,18.9,136,104,97.8,20,12.5,16,17.9,15.2,79,120,491,409
2700,803,570,562,491,479,458,268,241,232,119,54.7,2080,229,231,142,99.5,49.8,29.8,200,147,133,46.1,31.3,49.9,56.3,38.3,88.8,78.9,545,535
1980,708,503,497,465,452,445,267,258,200,101,50.8,1470,232,236,126,77,41.1,22.8,190,126,118,25.5,15.7,17.7,17.3,14.3,68.7,70.5,515,472
1940,623,434,414,367,353,328,208,202,140,47.4,22.5,1240,187,178,76.7,56.7,32,23.8,156,125,118,48.2,33.6,21.3,23.6,21.1,50.5,40.7,348,317
1450,538,364,374,349,337,330,189,183,144,110,46.2,824,187,184,80.3,57.5,26.1,18,144,100,87.9,18.3,12.1,13.3,20,15.2,56.8,40.7,284,269
1480,469,330,332,294,288,260,169,160,114,54.3,24.7,1050,151,155,64.5,56.7,21.1,15.3,112,81.5,67,30.5,16.8,14.5,15.3,12.5,41.4,30.3,355,340
1580,578,393,392,340,328,304,192,173,129,42.5,24.2,1010,189,167,75.5,57.5,28.4,17.1,122,93.4,78.4,28.5,21.7,20.3,17.9,17.2,40.6,35.7,307,290
1140,405,283,278,249,245,231,144,144,111,55.9,27,789,133,131,49.2,42.7,23.7,11.8,101,67,67,15,10,13.3,14.8,13.4,46.2,46,256,269
1610,408,283,291,274,265,267,149,135,116,116,54.8,1320,146,161,82.8,61,44.4,22.8,120,100,95.3,11.6,6,10.9,11.6,11.6,112,120,793,533
1890,564,349,335,298,286,262,144,133,104,51.1,32.2,1350,210,184,60.3,54.9,32.1,18,115,83.2,68,20.3,11.5,20.8,21.8,21.1,92.7,108,524,429
1570,564,395,390,353,334,316,180,172,132,94.4,42.9,958,209,205,87.6,82,70,38.1,154,121,105,14.7,11.5,20.8,21.1,18.2,52.3,49.3,318,286
1220,500,335,342,296,284,273,149,142,124,111,43.7,802,197,205,134,80,53.2,27.7,139,109,105,15,10.6,30.5,43.3,28.3,68.2,76.1,371,366
1450,509,333,336,300,289,269,140,127,109,43.2,24.1,930,192,196,75.5,60.2,27.3,20.9,137,111,100,18.8,11.5,22.8,23.1,17.2,65.8,81.9,401,399
1430,424,278,261,236,231,220,114,101,79.2,61.9,23.4,1070,163,143,86.4,69.3,44.4,23.8,113,93.4,85.5,13.5,7,14.8,16.2,11.6,81.5,81.9,343,367
1590,400,266,277,261,242,222,116,126,94.7,51.9,23.4,1160,173,176,84,68.3,42.2,25.7,107,83.2,72.6,12,5,12.5,14,11.6,68.9,70.5,539,416
1180,349,230,237,210,212,192,97.9,93.8,65.9,32.7,18.4,810,137,125,54.1,50.6,24.6,17.1,94,78.1,63.8,13.5,6.68,11.9,12,11.6,44.3,38.7,309,250
5760,2920,2110,2150,1900,1810,1810,990,925,789,449,180,3440,954,926,582,449,351,330,872,588,471,163,144,264,277,133,362,371,1330,1160
3990,1990,1480,1520,1200,1130,1040,780,643,527,163,66.6,2270,668,738,399,275,210,186,373,259,225,126,102,185,186,120,152,150,675,642
5020,2030,1450,1360,1150,1040,949,457,421,339,175,99.7,3150,527,495,292,230,176,157,465,382,401,99,82.9,71.3,64,61.4,189,215,1160,1070
4200,1340,949,903,788,728,674,312,280,219,102,53.2,2730,355,346,180,138,90.5,81.6,333,273,260,62.7,53.9,67.3,57.2,61.4,103,110,865,820
2780,940,662,630,538,502,478,273,246,205,102,34,1860,267,259,99.4,67,25.2,19.9,211,166,152,41,32.5,58.8,48.3,40.5,132,126,896,759
2640,1090,770,791,685,664,656,355,306,270,160,64.8,1630,315,330,140,77.4,34.1,30,308,230,208,43.9,33.4,40.8,36.6,28.3,80.2,76.1,499,492
1750,619,414,415,374,355,345,198,176,137,126,52.3,1250,189,193,101,78.6,37.3,31.9,152,128,154,21.4,11.9,31.1,29.4,23.1,83.8,86.4,568,544
2020,776,554,507,420,394,372,188,161,132,48.6,19.8,1240,212,208,81.9,62.3,20.3,15.1,168,126,117,35.9,27.4,43.6,41.4,35,58.7,54,445,413
3780,1490,1070,1070,765,763,726,341,307,262,217,112,2190,415,412,303,261,196,178,433,320,323,117,108,291,268,294,228,200,959,838
4870,1950,1460,1460,1320,1270,1300,633,639,504,338,162,3470,623,691,485,363,269,223,805,533,439,91.8,72.3,170,144,133,392,392,1620,1370
4290,1580,1170,1240,1060,1060,1030,550,570,480,276,121,2980,456,467,239,160,113,101,519,356,386,78.9,67.9,72.9,61,57.4,245,246,1370,1320
3740,1550,1160,1190,887,845,848,435,396,358,270,104,2350,404,404,245,204,140,119,454,320,326,79.6,69,206,234,186,147,148,775,695
3440,1210,850,842,685,661,662,373,327,254,186,76.4,2180,411,420,233,242,169,151,250,194,187,84,71.2,107,62,94.6,183,176,898,935
2870,1280,850,795,666,619,574,300,247,198,80.4,37.9,1600,369,363,184,118,72.9,64.6,192,149,130,49.3,37.1,38.1,36.6,33,123,136,690,626
2690,790,569,576,483,457,438,229,213,157,87.1,57,1710,234,222,156,111,69.7,60.8,231,185,185,43.3,35.3,43.6,42.2,25.8,83.8,77.5,524,465
2300,988,641,600,507,471,446,210,183,146,82.4,47.9,1240,312,317,144,92.3,61.5,54.7,218,168,156,37.5,27.4,37.6,32.4,23.3,82.6,70.6,367,357
2360,785,538,545,460,431,431,238,220,179,96,57,1640,254,239,111,79.7,39.9,39,209,176,167,36.4,26.6,47.1,39,36,77.8,69.1,525,480
3170,1430,1050,1050,983,941,848,554,558,434,209,84.4,1670,431,451,292,207,157,125,454,252,221,55.5,46.8,62.6,54.4,52.7,116,113,638,552
3290,1190,767,758,629,575,543,318,321,284,167,66.6,2160,434,441,325,230,177,151,222,164,150,62.7,47.8,77.9,72.1,49.2,144,157,839,703
2580,870,673,648,600,552,543,281,248,202,161,98.5,1560,231,236,136,99.2,52.8,46.3,266,232,253,32.6,23.3,43.6,39.8,25.8,58.7,46,453,431
3140,972,676,667,594,541,524,254,228,186,101,64.8,2130,285,275,151,104,62.4,51.3,271,244,243,39.8,30,41.5,30.8,25.8,91.4,69.1,648,585
2290,666,471,490,423,385,376,224,211,173,114,47.6,1450,214,228,126,101,54.7,32,181,132,105,24.2,15.8,28.7,31.5,21.3,55,51.6,398,368
2170,662,462,452,408,378,369,177,168,126,75.8,52.4,1480,219,225,112,75.2,34.9,27.5,200,174,156,27,15.8,24.9,24.5,19.5,61.6,56.4,450,438
1710,630,459,435,387,363,345,198,183,144,87.1,53.2,1090,192,202,108,72.2,34.9,26.6,167,132,117,33.1,24.9,27.6,23.8,18.7,44.5,39.7,316,315
1680,571,399,362,320,291,283,155,144,94.7,36.3,18,1040,170,170,69.8,61.3,24.6,17.6,123,96.4,93,24.6,14.5,20.8,18.7,13.1,45.3,61.3,310,304
2900,1020,673,625,583,584,579,288,273,207,176,85.5,1860,353,391,251,196,151,129,305,244,245,27.5,18.8,28.7,25.2,21.3,220,301,1010,770
2700,1160,811,792,696,665,665,371,327,260,208,105,1410,330,325,155,104,66.6,52.3,298,211,198,60.1,46.8,47.1,39,38,123,136,566,497
3510,1030,680,720,677,630,627,365,438,328,133,56.7,2220,333,373,192,118,75.1,64.4,295,172,154,25.1,11.9,20.8,28.7,71.8,110,124,775,621
2260,785,541,545,473,438,421,247,219,190,140,64.8,1460,277,284,206,122,67.6,37.6,194,128,110,31.5,21.8,42.9,41.4,35,103,101,521,472
2380,880,638,609,546,528,517,279,239,174,123,60.2,1400,285,309,168,118,80.9,46.3,229,172,169,33.7,24.9,41.5,41.4,28.5,90.1,103,420,401
2200,920,669,659,565,539,509,300,248,188,91,42.2,1180,276,281,134,91,51.1,42.4,198,143,137,37,26.6,38.1,34.3,24,75.6,86.4,414,362
1870,682,477,462,381,358,332,171,149,113,56.8,31.6,1180,207,202,85.4,62.3,29.5,17.6,152,126,125,30.5,21.8,36.2,32.2,26.7,42.1,39.7,291,282
1810,513,349,350,305,294,278,155,147,101,71.3,33.6,1250,181,181,79.7,58.6,26.6,17.6,143,124,127,26.5,16.5,21.8,22.4,17.1,50.5,43.9,342,337
2310,1300,971,985,914,876,894,541,521,449,304,114,1160,321,317,224,141,91.8,66.4,394,298,235,43.9,39,74.8,79.6,51.1,67.9,70.5,451,395
2420,1260,949,949,833,783,743,589,560,394,89.9,38.4,1400,315,346,159,109,51.1,28.4,188,76.3,67,62,48.8,131,95.4,101,107,130,567,452
2090,900,703,705,685,665,654,388,394,351,262,110,1410,209,216,164,86.4,48.4,38.5,289,218,204,22.3,13.2,36.4,30.1,22.3,181,186,601,507
1850,983,794,800,677,621,582,399,325,227,88,38.4,1140,178,173,90.3,53.1,22,15.6,171,114,106,64,55,77.9,67,57.9,47.8,29.4,382,341
1930,662,462,462,390,367,352,204,180,140,76.8,38.4,1170,195,210,126,72.2,32.5,25.7,152,124,109,31,21,32.2,28.7,20.2,81.4,122,486,449
1740,690,500,492,420,390,369,233,213,168,71.6,32.9,1020,185,187,106,69.1,29.5,18.4,135,100,83.4,34.8,23.3,40.6,34.3,29.3,75.6,78.9,381,354
1460,615,445,465,400,380,396,222,197,149,45.7,21.8,918,176,178,101,58.6,22,16.2,176,129,110,22.8,15.2,26.1,23.2,14.8,30.2,22.2,245,243
1360,561,389,375,336,326,305,171,155,126,25.2,14.3,772,169,170,89,56.7,25.9,14.9,122,94.2,85.8,21.4,13.2,23,21,16.7,33.4,31.2,242,235
1480,543,374,333,274,255,238,138,117,86.9,32.5,18.5,937,170,176,92.9,54,18.2,14.9,98,76.3,69,25.1,13.2,24.5,21.7,14,41.4,35.7,303,295
5090,1920,1350,1310,1310,1320,1260,622,552,480,471,186,3830,711,716,542,426,311,268,1030,803,791,64.1,56.1,47.6,44.2,44.4,406,319,1680,1530
3340,1530,1080,1030,914,902,883,414,428,342,212,85.5,2290,544,575,371,290,210,183,499,347,360,106,98.8,73.3,69.9,57,103,110,839,734
2730,845,582,575,538,521,523,270,244,193,157,69.4,2000,267,270,212,168,116,93.8,253,218,211,33,19.5,22.3,22.3,20.9,238,215,1010,974
2870,1100,818,827,646,610,596,344,311,252,157,87.5,1720,285,286,187,145,103,89.6,250,191,181,78.3,61.4,80.6,81.5,59.6,215,197,864,843
3340,1090,818,818,708,683,682,321,296,252,172,101,2250,281,278,175,126,91.8,78,353,311,314,52.8,36.2,53.5,54.3,44.4,198,163,925,843
3280,1150,873,860,818,783,775,397,334,260,128,64.8,2110,285,267,150,118,82,70.8,376,318,266,38.1,24.9,29.7,33,35.6,140,137,720,691
2570,790,582,593,502,495,509,278,247,186,135,69.4,1780,224,225,139,108,71.8,60.3,246,203,181,43.4,29.1,29.2,26.6,23.7,145,129,778,744
2610,1260,806,722,602,571,512,307,288,213,80.3,33.6,1270,371,349,173,117,67.6,58.3,204,170,161,56.8,43.8,30.4,27.5,19.5,48.4,52.4,418,415
3020,935,660,673,608,584,568,273,249,204,134,65.7,1970,263,275,182,130,88,70.8,289,263,248,35.2,23.3,28.1,35.5,35.6,118,118,746,675
2560,1350,1090,1190,1060,978,950,782,617,554,440,131,1270,289,297,130,99.8,66.3,35.1,390,178,115,99.3,85.2,49.6,42.8,32.5,110,92.1,475,459
2330,1120,871,922,742,683,662,379,387,342,238,110,1370,254,236,124,84.5,42.4,27.9,277,206,241,97.6,89.4,111,98.8,93,177,125,724,662
1740,681,519,505,470,447,455,195,172,139,114,52.3,1100,213,227,133,92.2,55.6,33.9,269,231,252,35.6,26.6,33.7,31.4,22,90.7,100,480,500
2020,876,627,656,558,503,518,302,285,215,114,45.4,1180,225,243,133,86.7,39.7,24.8,239,158,155,63.6,48.8,33.6,31.2,25.2,89.2,71.5,455,344
1190,462,341,348,303,292,278,167,159,129,102,20.7,780,141,132,62.4,46.1,23.3,16.3,127,96.2,95.6,23,13.9,16.9,16,14.3,23.6,21.7,239,239
1230,480,339,353,311,288,287,172,162,112,97.6,46.7,752,175,189,103,82.2,44.3,26.7,129,99.3,96.7,20.9,12.3,16.9,15.5,12.6,36.5,29.8,219,220
1440,505,368,374,325,311,313,194,177,109,38.9,18.2,932,165,152,60.1,49.8,23.5,15.7,113,84.6,78,28.2,17.7,20.6,18.4,16.3,36.6,39.8,338,330
1530,709,484,450,370,347,325,184,170,122,48.5,17.1,790,191,180,74.1,59.8,25.5,15.8,139,104,96.1,39.8,24.8,25.8,22.8,20.1,40.7,37.9,274,251
1900,752,525,522,403,394,397,201,187,158,131,62.1,1250,240,236,145,108,77.1,67.3,193,139,145,81.5,81.1,36.9,36.4,21.7,141,107,549,537
2270,631,434,425,364,347,338,177,153,136,99.7,50.2,1760,208,212,133,98.3,49,32.2,171,124,124,22.1,13.2,30.7,29.1,21.9,106,89.9,714,610
1370,516,363,374,314,301,297,164,136,114,90.7,34.2,854,193,193,108,61.3,29.2,21,140,97.5,103,61.6,51.4,22,18.8,13.8,74.4,69.5,326,298
1880,701,510,542,462,421,425,310,283,230,112,36.9,1310,209,241,149,88.5,34.7,20.1,145,80,63,48.7,39.6,34.7,33.2,24.5,95,91.8,570,489
1490,478,375,368,277,262,251,162,138,116,59.9,28.4,996,107,102,35.9,28.8,15.2,7.76,87.1,60.3,61.3,41.1,27.9,30.2,26.6,20.6,90.8,74.9,439,427
1590,442,321,321,274,260,249,156,142,115,81.8,34.1,1150,145,132,54.7,47.2,16.1,11.6,118,86.6,104,34.2,25,24.9,22.1,15.3,48.9,43.3,398,369
1680,511,342,321,269,260,243,116,107,97.2,56.1,31.7,1170,162,140,66,68.9,39.4,23.7,118,101,93.4,21.4,12.6,25.3,23.6,17.4,54,45.8,524,472
1120,497,334,303,248,238,220,101,83.7,67.6,39.7,22.1,640,154,147,69.9,55.1,20.2,14.8,112,79.9,79.7,30,20.2,14.3,15.4,10.2,36.7,34.5,237,223
2650,866,532,542,494,470,464,262,233,193,80.9,36.9,1820,377,354,280,210,167,134,190,145,147,24.2,18.7,32.9,32.8,19.4,217,194,955,917
1900,972,744,713,653,622,608,295,292,268,216,82.9,1020,254,250,208,139,94.4,89.5,295,233,258,39.6,31.2,58.6,55.1,34.5,88.3,78.6,362,357
1590,586,434,429,382,373,374,212,183,147,102,57.4,1040,208,211,107,66.7,29.1,21.1,157,119,121,22,14.8,22.6,20.2,15.2,40.8,37.8,261,267
1860,579,429,418,366,349,327,165,144,119,62.4,35.1,1290,171,150,85.1,63.5,25.5,20.5,157,128,130,25,17.2,22.4,19.4,22.1,63.5,66.1,480,491
991,362,221,228,195,186,172,104,80.5,70.9,19.5,10,663,154,147,71.1,62.1,36.8,30.3,76.9,60.8,56.6,16.4,11,15.5,13.1,10.5,22.2,19.3,198,188
1090,381,233,240,207,202,196,103,94.6,90.1,53.4,32.9,721,158,178,91.2,67.1,30.4,20.1,103,81.2,68.3,13.2,8.32,15.2,12.7,12.6,32.3,26.1,207,211
1490,698,500,456,374,354,333,162,135,103,50.9,24.1,813,214,244,128,93.5,56,37.8,155,119,122,32.8,21.5,28.3,29.3,17.5,37.4,35.5,292,277
2190,546,379,374,336,326,318,153,139,115,67.4,40.7,1740,175,170,107,73.5,37.2,28.4,157,128,141,22.6,15.5,19.5,18.8,19.6,153,128,793,677
2010,690,429,436,370,354,346,185,163,139,54.9,26.8,1250,254,247,99.5,60.2,37.5,28.9,155,120,123,24.2,19.5,26.5,33.3,18.7,55.2,47.4,397,359
2060,746,566,545,366,357,335,159,139,109,56.4,32.6,1320,233,216,133,108,91,80.4,172,154,126,48.7,45.2,191,182,184,86.3,80.6,537,558
3800,1520,980,966,756,712,698,332,292,226,202,99,2500,581,573,424,259,204,178,374,287,287,76.5,69.7,167,171,113,195,153,1240,973
2370,888,607,608,451,418,422,239,207,161,130,69.9,1560,325,329,248,191,130,114,180,126,92.5,63.6,39.6,105,117,80.6,121,107,649,598
2530,872,635,630,585,549,523,262,213,174,137,71.7,1640,241,235,139,94.3,70.6,62.1,286,252,264,29,22,53,41.9,34.1,217,166,812,799
1880,562,423,423,355,348,348,192,176,148,136,69.9,1490,199,184,83.7,70.2,38.8,25.5,150,127,129,22.7,15.7,29.8,30.3,29.5,127,127,700,681
1980,679,504,478,434,411,430,211,185,139,122,46,1380,235,227,131,82.8,40.2,18.7,215,160,147,28.5,18,37.3,30.9,28.9,106,93.5,460,459
1870,638,414,412,327,312,293,141,128,98.4,65.5,38.5,1290,215,216,118,91.5,54.1,42.3,151,134,122,35,22.3,35.7,33.9,26.8,57.2,54.9,473,424
1520,584,402,377,317,297,296,138,123,94.4,51.1,19.8,1050,196,190,107,76.8,34.6,17.8,151,127,114,36.6,26.2,28,26.8,21,82.4,50.2,350,337
3390,1700,1320,1320,1190,1170,1120,740,655,479,242,84.8,1740,491,486,304,182,120,91.8,496,347,340,88.3,81,111,101,71.8,130,94.4,635,555
4480,1640,1070,1080,969,951,916,482,454,415,249,92.6,3150,605,660,471,331,227,223,521,405,425,85.3,78.9,51.9,43.3,39.8,272,255,1480,1310
3660,1100,758,768,705,676,687,302,277,207,162,101,2620,367,373,251,178,112,93.1,417,320,383,38.6,25.4,44.5,39.2,30.6,211,194,925,927
3820,1460,955,956,873,838,794,466,356,286,118,82.5,2420,541,497,274,181,124,118,315,273,238,49.9,35.2,44.2,42,27.2,138,116,998,939
2650,1020,728,698,602,584,580,317,286,207,147,57.8,1840,300,310,203,134,92.7,75.3,258,215,210,58.2,53.8,51.9,45.5,36.9,144,126,697,649
2210,743,532,517,444,430,411,225,202,154,101,51.8,1450,248,214,149,102,64.3,56.9,187,151,140,27.1,18.5,35.1,31.3,28.4,86.1,80.9,554,548
2910,949,589,585,506,490,479,238,229,172,120,66.8,1930,387,385,246,161,103,84.2,251,206,179,36.9,23.9,34.5,28.3,23.3,105,79.1,742,729
1740,691,500,509,434,435,436,255,251,164,77.1,39.4,1110,213,209,111,72.6,33.7,21.3,186,119,103,21.7,10.1,33.7,36.2,25.9,59.4,40.3,351,345
3220,1420,976,1010,951,926,949,641,546,461,455,197,2280,482,442,359,204,133,110,392,243,192,34.2,25.3,45.2,37.3,31.8,209,177,1040,909
2010,864,703,742,649,614,584,316,319,243,135,65.2,1110,184,174,136,68.8,31.7,18.6,304,245,231,31.7,21.4,53.4,49.2,36.9,83.6,74,504,433
1740,488,328,327,297,289,272,154,136,96,58.8,30.1,1160,170,172,76.1,68,34.2,22.4,121,88.9,82.8,14.6,8.3,16.8,12.9,10,97.2,82.5,531,456
1780,661,443,415,360,340,322,148,128,94.5,48.7,27.2,1130,221,213,115,75.6,38.3,28.2,149,110,116,22.2,13.9,23.4,20.4,19.4,70.1,63.7,483,400
1240,527,388,397,363,347,327,207,191,136,81.1,44.3,732,156,146,64.7,58.3,26.4,19,133,99.4,97.7,17,9.58,14.3,13.5,12.5,54.7,51.4,297,282
982,370,231,230,210,199,191,116,112,81.8,44.2,22.5,608,142,139,56.9,45.3,23.4,18.8,82.9,58.5,48.3,15.2,7.39,12.3,11.6,10.3,27.7,26.7,207,196
870,299,214,212,182,174,157,92.2,75.3,57.9,26.5,14.4,590,90.6,85.2,22.9,23.9,18.4,12.8,70,57.6,59.7,14.6,7.73,18.9,16.6,15.3,21.3,19.3,185,189
1170,390,250,234,200,187,172,89.6,84.7,60.1,22.9,12.9,722,127,120,44.5,35.3,19.9,14.8,81.3,66.3,59.8,16.4,7.16,14.3,13.2,13.5,26.5,26.3,243,240
4070,1390,1000,968,880,886,876,457,514,463,322,100,3210,488,533,464,363,286,252,433,346,358,26.5,18.9,137,122,103,571,518,1800,2030
2520,1070,766,774,573,539,511,290,242,192,136,51.8,1560,295,277,160,119,66,53.9,239,180,161,79.5,64.8,153,110,87.5,94.2,91,468,448
2680,1110,743,755,666,650,640,320,282,202,158,59.7,1770,440,446,323,230,154,125,312,242,188,37.5,26.2,90.7,66.1,53.7,113,96.1,516,482
2340,712,513,501,436,411,388,232,204,171,99.1,57.8,1660,266,292,165,102,52.4,34.4,170,139,124,32.7,25.6,42.4,36,31.2,104,87.2,706,689
2220,588,398,384,344,331,310,171,143,112,54,33,1600,196,195,107,74.8,34.4,23.6,132,118,117,28.3,22.9,28.1,26.4,24.2,77.9,63.2,524,497
1740,526,373,379,339,318,303,182,166,138,72,54,1180,177,168,73,62.9,30.3,23.7,142,120,107,20.6,14.6,20.3,19.5,17,54.8,46.9,280,269
1720,565,376,348,300,282,266,152,138,110,58.2,39.6,1190,160,145,69,59.4,23,17.5,127,98.3,86.4,28.9,21.8,36.7,32.8,27.6,43,40,372,342
1720,538,370,363,318,310,303,168,144,112,59.9,32.5,1210,191,186,89.5,66.4,30.9,18.5,145,122,115,20.4,13,29.3,23.1,17.2,75.2,64.5,459,440
2800,1770,1500,1510,1220,1120,1070,778,613,475,319,109,1400,437,387,203,130,89,63.1,467,291,250,113,88.4,227,252,150,62.5,43.3,349,348
3150,1350,1020,1030,783,722,686,456,364,316,203,87.8,2040,411,382,287,156,115,101,371,263,256,83.8,79,174,162,119,87.3,82.9,582,495
2540,1080,780,813,689,655,708,349,294,243,171,78.6,1580,285,273,168,89.7,56.5,43.8,380,276,248,45.8,39.7,59.2,54.9,46.6,111,103,581,591
2660,828,633,603,510,473,476,291,249,201,130,82.1,1700,199,177,83.3,63.8,24.7,16.7,202,156,163,48.8,35.9,64.9,61.9,41.7,103,80.6,580,571
1830,898,707,703,588,553,551,372,222,152,60.5,31.2,1070,203,178,76.2,59.2,31.8,17.9,174,127,125,42.2,29.2,64.6,58.2,46.1,41.8,39.3,270,274
1950,1100,777,676,556,495,466,280,234,161,57.8,27.4,949,278,255,123,86.3,38.4,22.9,140,103,96.1,55.2,44.2,50.7,42.7,36.9,49,41.8,282,257
2140,915,704,681,565,516,499,300,258,205,92.3,59.8,1220,200,189,70.7,57.2,22.3,15.8,164,123,124,51.9,36.1,38.5,33,26.7,102,85.5,531,500
2970,891,638,655,555,537,544,307,260,201,172,83.7,1920,273,273,247,175,130,108,331,287,297,46.9,40.4,79.7,94.8,75.5,130,111,593,641
1180,566,372,360,299,287,270,171,141,96.2,52.9,29.6,569,180,169,49.3,42.5,28.5,18.3,87.3,63,55.7,31,22.4,29.7,32.7,26.6,29.5,25.7,169,177
1840,853,584,535,441,418,387,197,168,117,75.9,37.4,984,232,221,84.2,64.3,24.5,18.1,167,125,116,38.7,29.8,39.6,36,26.8,42.7,37.7,287,272
4680,2450,1560,1570,1410,1320,1310,623,631,558,309,111,3030,921,932,641,403,270,229,909,613,435,40.2,30.3,155,140,109,186,164,1120,1060
2620,946,570,571,491,465,459,226,200,160,106,62.1,1820,408,393,259,214,130,111,249,211,202,38.6,27,30.9,31.4,42.9,242,213,968,1010
3110,1310,805,752,659,607,580,241,206,177,119,57,1730,538,444,207,107,75,67.8,296,267,237,41.6,29.6,34.8,33.2,25.8,77.7,67.2,604,598
2220,597,388,384,319,302,277,137,114,88.2,32.2,21.3,1480,244,227,98,77.7,35.8,23.3,133,104,97.7,31.5,22.6,29.4,29.9,29.6,119,80.7,709,683
2210,711,481,461,398,381,365,195,172,137,76.2,30.3,1540,276,261,161,96.6,54.8,39.4,156,120,121,31.4,22.5,25.9,22.9,19.7,107,102,617,544
2230,884,658,679,601,578,547,306,261,213,93.6,46.9,1490,229,210,84.6,61.4,25.9,24.5,255,183,175,46.7,34.3,33.1,27.8,24.2,64.7,55.1,447,420
2620,925,615,592,486,461,439,246,218,176,81,42.6,1590,370,331,162,109,58.8,45.7,177,131,121,42,30.2,71.5,68.3,59.1,124,113,624,569
2050,663,429,423,350,331,315,155,134,103,52.5,34.7,1380,242,238,117,87,46.7,34.5,151,119,124,29.9,20.1,30.7,29.7,29.3,88.6,84.2,544,543
3780,1580,1240,1210,869,778,784,435,386,320,211,114,2420,409,363,214,161,105,84.6,364,279,256,165,154,300,342,245,182,183,907,829
3060,1370,1020,1060,856,826,815,495,459,380,280,136,1960,353,318,226,156,101,85.2,399,277,248,76,58.9,138,142,108,233,204,883,847
3260,1560,1140,1140,949,901,877,474,426,322,175,96.1,2080,421,358,225,145,94.5,80.5,511,359,300,158,136,132,126,98.3,85.9,72.9,726,664
2350,799,570,561,467,460,479,322,296,230,197,97.2,1500,246,244,147,125,81.4,79.5,158,121,119,52.6,39.6,43.5,42.2,33.1,175,149,659,613
2610,872,626,589,529,519,518,250,226,177,139,76.5,1750,282,256,132,97.4,54.8,47.5,269,212,194,40.8,28.5,37.8,39.8,30.9,86.5,80.8,602,583
2490,943,719,679,499,464,440,237,205,153,66.7,34.2,1310,249,246,88.6,65.5,26.7,17,181,155,157,72.8,60.8,109,93.5,81.9,51.8,47.9,398,383
2800,910,655,674,578,548,522,303,291,242,153,70.8,2020,250,239,114,82.8,47,43.3,263,235,221,45.9,30.4,45.6,39.7,32.9,123,90.6,759,721
2030,663,487,482,381,363,365,211,189,129,51.6,29.3,1260,210,203,75.6,60,25.7,16.2,148,120,117,43.3,32.4,44.3,41.8,36.7,60.9,52,430,438
1400,473,326,331,275,263,239,148,128,85.4,65.1,44.3,916,150,130,48.4,43,24.1,16.9,76.5,55.4,55.7,33.5,23.3,29.4,29.1,23.5,55.7,33.7,349,378
1690,634,468,468,399,381,373,243,187,130,42.5,21.3,1140,184,176,66.2,56.5,26.5,18,124,92.9,93.8,37.5,27.6,35.9,35.3,27.2,48.8,41.3,352,328
6020,2250,1490,1470,1150,1150,1120,586,580,491,312,132,4360,734,798,627,388,321,335,748,558,438,125,98.2,306,259,232,407,396,1800,1650
3460,1460,986,998,784,753,656,334,283,214,122,56.7,1910,482,353,193,118,83.6,68.3,232,182,180,121,96.6,86.3,72.6,56.3,123,108,688,640
1830,721,501,505,351,326,301,187,150,101,40.1,26.4,1110,248,245,78,62.4,30.5,25.8,102,78.5,75.9,76.6,55.3,69.2,54.8,39.4,41.8,41.7,326,297
1800,628,410,408,338,321,304,183,174,125,64.8,30,1200,230,220,139,118,69.6,62.1,127,109,111,37,25.6,30.4,28,20.7,107,97.1,517,480
2030,715,545,525,424,405,389,228,199,158,73.3,39.1,1340,150,134,42.5,43,17.8,15.3,136,105,102,46.7,33.2,29.6,26.3,22.7,42.3,40,403,408
1640,452,324,334,272,272,250,143,133,104,65.2,34.4,1160,151,135,58,48.7,22.7,14.3,107,84.2,85.3,27.3,16.9,32.4,28.7,29.9,31.5,25.9,331,327
1990,557,411,409,337,331,311,180,164,132,78.3,43.5,1360,159,143,50.7,48.1,19,15.4,144,124,124,35.4,23.8,24.8,22.9,17.9,56,50.7,411,423
1570,534,368,358,299,295,284,156,137,103,54.2,21.4,1050,188,177,80.1,77.7,46,32.8,135,98.5,96.4,34.6,23.5,26.2,25.7,21.3,51.3,41.9,376,374
2620,1010,756,731,693,661,664,311,304,263,247,130,1800,282,280,181,151,102,86.2,366,289,263,34.9,24.4,41.9,40.8,35.2,128,112,625,593
2980,1150,792,810,754,713,680,325,315,238,197,98.7,2060,353,354,269,197,126,103,472,385,314,38,25.7,34.7,36.2,27.1,111,104,704,694
2490,979,719,752,692,637,655,402,357,246,92,33.7,1800,280,267,160,96.3,53.5,30.9,274,180,152,38.1,24.1,25.6,23.8,16.9,149,125,847,804
2470,819,620,615,538,532,529,242,225,198,139,78.4,1650,234,243,148,114,77.9,67.8,270,266,252,32.8,22.5,33,29.3,22.4,112,89.3,593,578
2040,926,668,719,646,602,596,336,313,193,100,48.7,1160,251,252,121,82.2,41.8,28.5,282,203,195,36.1,21.3,25,26.4,22.4,56.6,47.8,404,365
2300,926,648,574,483,465,433,208,172,155,94.8,47,1400,278,272,113,71.7,33,28.1,214,174,166,33.2,22,25.9,24.4,17.3,83,75.3,458,454
1770,653,451,437,380,370,353,205,178,131,60.8,25,1070,212,209,91.1,73.3,35.6,24.1,148,105,92.4,30,18.2,30.1,29.5,26.5,48.6,43.2,359,339
1460,610,442,426,377,374,364,194,167,134,78.1,39.9,877,188,184,70.5,66.8,37.8,21.3,163,121,118,26.7,16.2,20.3,17.9,11.2,37.6,33.4,260,265
1580,524,358,338,305,301,286,144,120,94.9,44.8,19.8,1070,167,155,55.9,54.1,21.1,15.7,149,124,115,24.5,15.2,20.2,18.7,12.1,39.8,40,290,289
3030,1370,987,994,891,846,873,496,446,372,265,110,2260,427,405,356,235,169,162,488,344,323,58.8,44.8,53.1,49.1,34,218,189,990,909
2900,1040,643,633,507,491,485,242,222,183,119,52.3,1930,462,437,334,249,181,159,290,207,196,51.3,38.3,64.4,58.6,50,224,202,799,755
2200,762,508,509,430,411,399,196,156,120,60.5,29.9,1520,293,276,165,148,97.8,77.3,216,173,157,31.9,19.7,23.1,20.5,22.7,58.9,58.1,423,374
2250,822,575,559,487,479,473,239,209,170,101,41.3,1440,260,259,148,105,65,55.7,228,183,169,37.4,25.5,31,26.7,21.4,93.9,83.3,487,468
1720,810,624,592,494,451,410,286,236,188,65.1,41.6,994,165,143,48.2,49.2,26.8,16.8,95.7,67.2,64.3,51.8,37.3,28.6,24.7,17.5,44.7,43,326,318
1740,695,413,386,315,309,287,145,122,95.1,46.7,23.4,1020,254,262,104,80.1,49.4,31,131,102,88.7,35,22.6,32.9,34,26.9,53.8,51.8,334,313
1440,431,275,278,241,233,226,118,97.6,70.2,21.9,12.1,976,153,136,43.5,44.8,29,16.4,100,82,76.2,24.2,13.5,16.9,15.9,14.1,28.8,27,247,237
1200,464,294,282,242,236,225,120,99.2,74.3,29.4,12.7,714,163,143,53.8,50.2,23.7,16.3,89,81.2,75.2,24.6,14,24.3,21.6,18.7,40.2,34.6,225,215
1900,999,859,859,723,673,659,529,363,236,85.2,47.7,1070,169,163,53.8,46.9,23.3,16.1,87.6,71,37,156,125,40.3,37.4,29.5,81.6,69.2,425,380
2220,960,759,799,697,670,730,371,339,299,229,131,1260,205,193,131,75.2,37.7,25.1,363,356,292,60,40.6,29.1,27.3,21.8,132,119,514,515
2190,1000,743,815,628,618,609,399,368,294,165,77.6,1260,278,255,185,138,83.4,43.7,245,179,171,124,105,35.8,28.7,21.2,123,107,580,542
2180,922,725,765,704,695,684,318,282,228,219,112,1350,228,231,133,78.5,45.3,28.5,331,302,270,52.1,39.2,34,31.2,27.9,97.3,85.9,485,450
1710,637,412,442,346,342,319,187,169,138,89.9,55.6,1170,239,246,154,126,73.2,42.2,138,121,118,101,87.5,24.6,23.7,19.2,108,88.9,640,591
1610,525,373,371,328,317,309,177,153,100,37.4,23.5,1030,181,177,91.2,62.8,33.8,20.5,123,105,86.9,35.6,26.6,43,38.3,38.4,107,82.9,543,514
1800,607,427,414,353,344,328,164,139,104,55,32.5,1170,174,182,77.7,56,24.8,16.3,146,127,114,38.1,28.3,33.3,29.4,31.3,47.5,37.8,393,359
5080,1430,895,930,851,863,810,377,400,337,261,117,4090,558,558,471,369,278,253,548,487,422,31.5,20.7,89.2,84.1,88,404,382,2020,1970
3370,1140,802,820,724,715,821,453,456,362,264,118,2780,306,294,257,141,83.2,69.7,433,301,253,37.5,25.2,62.1,57.2,44.1,136,130,1050,874
1800,788,627,619,582,552,550,329,306,250,166,77.5,1070,201,179,72,54.9,31.7,16.8,211,145,149,47.4,35,31.2,27.9,25.7,62.6,54.2,398,368
2130,787,581,577,508,493,480,249,228,183,88.4,46.3,1310,219,188,89.7,58.2,26.1,13.4,209,166,149,44.1,29.7,59.2,54.8,51.8,74.6,70.6,480,456
2160,1060,825,752,670,582,520,321,203,160,58.6,37,1150,186,172,59.5,45.2,24.5,18.9,164,120,118,41.9,30.1,27.4,23.9,19.9,54.1,39.6,374,347
1900,538,370,342,289,272,258,146,123,91.8,40.4,23.3,1370,184,158,63.7,48.2,20.1,15,107,81.4,78.2,35,25.4,24.8,25.9,20.3,87.7,87.3,627,610
2130,679,395,365,301,296,280,148,123,102,44.8,27.6,1390,245,226,103,54.4,27.2,21.3,147,104,94.9,32.4,20.6,53.4,52.1,38.8,49.1,52.7,504,491
2050,716,511,507,443,425,421,215,181,155,73.1,47.5,1300,214,196,100,60.8,39.9,29.4,193,152,149,30.6,20.4,23.8,23.9,21.6,76.2,82.4,426,364
2870,1500,1110,1090,794,744,774,499,468,358,146,64.3,1450,438,412,232,104,65.7,55.2,294,200,160,150,130,173,129,56.3,67.6,62.5,396,386
2260,1210,974,947,768,739,736,440,386,299,142,60.4,1070,282,254,146,81.9,39.6,32.4,260,175,146,95.9,73.5,98.7,75,49.3,42.3,37.8,324,310
1880,893,685,673,558,555,568,323,302,254,160,63,956,262,238,177,94.7,45.5,36.5,274,202,176,53.1,40.4,40.5,34.7,29.6,40.3,33.9,284,279
2280,889,674,660,573,555,518,328,304,260,91.9,46.3,1320,241,215,118,77.4,37.7,26.9,198,156,139,60.5,45.1,46.1,41.6,35.4,54.5,45.7,404,395
1690,709,530,536,443,440,424,252,223,187,129,60.7,1010,192,188,107,74.8,38.6,27.6,170,122,129,35.7,25.9,46.9,45.8,31.5,88.6,72.5,424,410
1670,732,542,523,455,451,452,261,245,198,98.9,51.5,984,239,217,127,86.9,33,25.6,201,129,130,36.7,26,32.2,27.5,27.3,57.2,36.5,374,303
1600,599,428,433,343,328,317,186,155,117,51,20.6,984,210,184,109,66.7,33.1,20.9,134,99,102,35.2,26.2,41.1,38.3,31.6,60.9,50,351,325
1280,559,381,367,307,297,283,163,161,111,48.4,24.8,766,192,162,83.3,58,24.4,16.6,110,79.9,77.6,36.1,26.4,30.2,33.2,23.9,50.9,33.9,275,253
3400,1260,990,1010,806,762,748,445,376,249,102,72.9,2110,309,297,131,88.3,45,37.4,315,254,240,184,111,65.2,80.7,44.8,106,106,753,732
3190,1580,1110,1150,962,914,940,504,417,315,255,159,1880,513,477,275,196,153,140,370,299,306,81.3,65.1,101,91.2,75.1,185,186,846,807
3070,1320,1040,1070,894,857,860,589,519,402,205,107,2060,274,266,171,138,82.4,74.4,307,248,232,99.5,82.2,83.1,75.5,60.4,104,96,805,770
2590,995,740,751,593,561,537,333,310,255,138,76.7,1570,248,218,117,92.8,52.7,46.9,216,150,137,85.7,65.9,92.2,86.4,73.2,137,128,728,719
3110,936,694,707,591,568,534,330,305,230,96,57.1,2120,277,284,164,95.5,55.3,45.9,217,152,145,76,60.6,54.1,48.7,41.3,67.4,59.5,633,599
2960,1060,804,857,721,680,657,410,344,278,153,76.5,1940,237,234,136,95.9,47.7,50,224,166,160,105,86.7,42.7,43.5,32.1,107,140,788,831
2710,687,482,446,367,346,320,190,155,101,39.9,23.9,2010,209,185,70.6,58.5,26.2,19.5,124,92,92.7,47.3,35.2,28.8,29.1,23,69.3,64.4,639,592
2460,1190,807,742,612,578,532,285,244,176,73.9,47,1240,317,283,108,69.1,35.4,27,184,144,136,59.9,46,41.3,42.4,34.2,58.5,54,421,374
2540,1360,1040,1060,889,860,880,572,484,339,201,74.6,1550,357,335,235,164,114,103,358,229,189,75.8,59.3,73.1,63.8,46.2,108,93.9,748,701
2100,860,629,673,556,533,513,266,249,203,137,50.5,1280,282,266,192,99.9,51.5,34.3,373,289,237,34.8,23,53.5,52.7,43.5,87.1,82.5,465,451
2410,788,561,542,462,461,464,259,231,181,128,68.3,1630,260,248,145,89.7,48.8,32.4,230,184,164,36.6,25.2,32.7,32.6,28.1,112,100,738,631
2280,836,557,566,494,484,445,281,253,194,120,47.7,1530,314,301,229,117,66.7,48.7,206,153,128,36.6,24.2,35.7,36,31.3,107,101,675,653
2170,961,688,723,629,609,566,341,295,225,108,50.9,1240,261,258,129,91.3,56.7,49.8,238,204,180,46,31.8,32.1,30.1,21.3,78.2,69.1,450,413
1700,676,482,477,415,405,399,202,177,128,69.7,42.6,1050,207,190,102,66.7,31.1,23.6,194,162,162,45.4,32.7,33.8,32.6,23.7,61.1,52.5,354,361
1750,634,460,455,365,349,353,210,173,126,55.9,23.2,1090,200,181,77.6,57.8,26.8,19.5,154,99.8,92.2,40.8,27,33.2,38.3,29.6,60.4,54.6,448,400
1520,622,433,397,330,321,302,166,143,95.1,44.7,21,986,183,166,73.8,57.5,25,19,142,100,95.1,43.7,32,31.3,35.5,26.4,47,37.9,315,287
2420,800,553,538,467,443,447,237,216,188,121,58.6,1720,298,283,193,111,71.1,48.4,216,177,146,56.5,43.9,26.5,26.9,18.7,135,134,784,833
2510,1020,722,737,701,667,662,419,398,301,142,63.9,1540,344,317,165,81.9,43.8,34.8,263,195,171,31.2,20.8,21.9,21.8,14.4,64.7,63.6,462,397
1990,891,657,673,617,587,596,347,324,271,164,69.3,1220,248,233,133,87.7,49.3,37.5,276,204,184,38.5,25.9,27.4,27.5,19,105,94,560,543
1930,579,417,413,364,342,325,176,143,118,76.8,47.1,1350,217,187,121,57.1,26.2,20.4,154,132,119,32.3,22.1,20.3,18.2,13.3,86.2,80,611,578
1270,547,389,386,354,328,313,184,161,145,87.6,56.3,808,171,151,65.3,57.3,24.6,19.3,156,108,100,27.1,17.3,28.8,29.3,23.4,55.7,47.6,318,295
1590,616,436,423,330,305,291,176,148,121,66.1,35.6,1050,212,205,84.8,65,31.2,21.1,114,85.9,74.6,42.8,29.1,40.6,36.6,30.6,62.1,57.4,367,349
1560,504,350,346,317,301,285,137,123,85.5,35.1,21.8,1070,192,167,78.5,58.6,23.2,18.4,146,109,92.4,29.9,19.2,18.2,16.6,12.9,65.2,51.9,441,438
1320,484,332,301,240,218,196,127,111,83.6,37.4,19.7,878,159,138,61.4,52.4,19.3,15.4,84.2,66.7,81.3,37.4,23.9,25.3,21.8,16.4,57.4,50.8,375,353
1740,717,443,392,361,338,318,154,131,106,40.8,25.2,1130,256,231,93.7,68,31.2,25.4,153,127,105,29.7,19.8,18.1,21.1,19.3,61.5,56.9,391,379
3470,1110,810,746,708,698,735,404,355,294,148,98.6,2470,348,360,274,175,129,102,350,277,246,36.9,25.8,40.9,38.2,37.5,242,216,1190,1220
1910,626,474,487,438,420,396,245,224,184,126,85.4,1320,193,181,76.2,62.7,24.1,16.1,172,127,116,27.3,19.3,19.2,18.9,15.1,86.1,71.9,516,448
2250,929,656,647,598,585,592,328,287,227,164,66,1450,304,299,160,98.5,46.2,34.7,261,179,151,42,33.4,33.2,38.6,28.7,141,131,598,591
2640,769,525,580,511,482,465,261,210,170,132,63.2,1880,328,300,188,140,78.6,48.6,191,129,119,35.3,25.1,29.6,31.4,25.1,196,173,772,808
1320,548,385,404,351,343,329,138,120,99.5,39.1,18.2,837,180,167,64.2,67.9,33.1,25.4,186,127,116,19.1,11.4,16.1,14.9,11.6,32.9,28.1,254,247
1890,707,442,400,353,333,314,151,131,99.5,40.2,19.1,1140,245,251,83.4,74.1,38.4,26.9,145,122,113,25.5,16.9,18.9,18.9,14,54.6,45.4,390,369
1310,451,303,282,263,242,239,129,107,84.4,39.9,26.7,844,167,150,66.6,58.5,30.7,22.1,117,82,84.8,19.4,13.3,23.2,20.9,15.9,44.6,45.5,279,249
1110,430,289,312,265,253,239,101,95.1,66.3,22.4,10.8,705,152,138,53.5,41.6,25.7,19.4,116,80.3,77.7,20.4,13.7,16.3,17.5,11.2,37.6,33.5,241,223
5560,1490,986,959,729,661,574,336,296,233,168,67.8,4190,533,464,224,134,94.8,77.4,249,203,191,31.9,21.7,261,235,204,439,415,2170,1940
3610,1790,1400,1450,1310,1290,1280,855,801,638,285,121,2670,504,527,357,227,164,162,615,409,325,73.7,61.6,89.5,89.3,68.8,136,126,1070,1020
3450,1040,753,770,616,570,567,299,248,215,123,57.3,2510,314,304,198,118,79,63.1,229,209,199,92,77.8,62.8,49.9,51.3,126,113,984,880
2480,735,530,571,497,452,439,275,247,219,150,74.3,1670,231,255,160,92.9,52.8,46.3,164,157,180,26.4,17.7,34.5,34.3,28.2,110,110,684,658
2430,701,523,547,489,455,472,288,238,197,148,71.6,1790,199,192,102,71.7,37.1,33,168,132,126,26.2,18.1,27.7,30.2,21.9,170,171,1020,936
1580,546,365,370,332,320,310,188,183,152,97.5,38.7,1020,184,173,67.5,66.5,34,29.7,135,101,108,24.6,17.8,17.6,18.3,12.4,69.6,61.6,406,371
2280,676,409,400,326,299,267,141,113,84.8,32,16.6,1480,247,228,109,76.1,40.6,31.8,116,80.2,82,22.8,16.2,44.3,43.4,30.2,93.1,85.7,577,516
1330,420,253,222,189,179,163,99.8,90.3,55.6,18.3,7.95,807,164,133,51.9,53.8,24.5,19.7,60.4,46.2,39.6,19,12.6,24.6,24.6,18.5,33.2,28.4,277,243
1710,788,645,658,613,588,608,384,346,281,175,48.9,1020,182,184,80.2,53,21.6,16.4,208,150,150,42.2,30.7,22.9,21.4,16.6,39.1,36.1,348,329
1840,609,468,464,407,374,382,245,207,176,108,50.3,1180,151,140,66.6,51.8,25.1,19,135,117,110,32.6,24.7,28.3,24.7,22.6,88.5,81.3,620,636
1530,551,440,426,345,317,332,190,166,134,73.3,36.5,1010,142,147,69.7,58.8,25,18.7,142,108,98.1,42.2,33.2,43.7,41.8,34.7,72.7,62.8,367,333
2050,587,459,443,399,367,394,236,200,144,68.3,42.7,1480,177,147,67.7,54.4,22.4,17.4,163,133,127,34.3,24.6,30.2,26.6,23.4,57.5,56.3,477,446
1490,597,464,455,402,372,357,179,147,122,71.1,30,953,183,201,120,74.4,39,23.2,211,145,138,36.8,29.5,24.7,24.1,18.8,38.2,34,270,256
1590,617,495,484,423,393,404,240,209,182,95.8,47.8,989,145,143,77.4,61.5,28.3,21.9,166,127,122,34.7,26,27.3,25.5,21.2,67.6,63.9,348,334
1250,454,325,320,283,264,273,141,115,99.6,63.2,20.4,829,163,169,83.1,53.1,28.8,21.1,129,92.5,86,22.5,15.1,14.8,17.1,11.5,35,32.6,284,260
1000,326,212,279,182,162,148,89.1,85.1,51,22.3,11,650,114,131,35.7,35.1,24.1,18.1,59.5,45.7,44.5,19.2,11.5,11.6,13.3,10.7,47.7,46.7,225,218
959,303,205,294,168,150,142,84.9,82.2,50,15.6,7.29,612,110,115,28.3,25,21.2,15.9,59.4,44.3,40.9,19,12.4,14.2,14.8,11.9,19.6,17.7,179,166
1140,351,230,206,201,181,179,89,87.3,56.7,27.1,12.2,739,132,132,46.8,43.9,22.5,16.6,78.7,64.9,60,18.4,11.3,11.3,12,9.4,40.2,43,303,296
3160,1540,1110,1080,948,983,1020,509,464,327,227,140,1520,491,460,305,208,154,153,483,342,296,65,58.2,124,100,75.9,118,124,655,600
3250,1160,791,720,664,671,687,368,320,249,134,65.3,2110,399,386,246,135,116,75.7,288,193,194,33.9,28.3,47.8,46.5,37.2,175,172,986,954
1570,470,347,382,265,253,226,148,132,111,80.2,36.4,1000,168,150,59.9,51.4,31.1,18.4,107,72.3,90.4,27.2,20.2,81.4,73.9,57.1,50.6,41,334,318
1750,615,434,477,339,332,322,234,184,165,105,50.2,1110,172,177,74.5,67.1,35.7,24,107,65.6,65.1,35.9,25.8,58.6,55.3,55.7,67.6,58.7,455,460
2100,876,653,637,564,541,535,330,284,231,140,50.7,1330,212,225,128,93.6,66,52.4,202,150,144,40.3,32.6,53.7,52.9,36.2,121,134,695,657
2200,977,597,651,622,612,589,287,245,200,159,75.3,1280,343,329,234,129,89,64.1,279,218,195,21.1,12.7,25.4,23.7,23.5,63,59.3,486,431
1680,762,505,573,546,533,522,248,216,175,146,64.4,1140,216,243,144,87.3,57.6,44.8,246,154,146,31,22.1,24.2,22.3,18,86.1,84.9,450,463
1820,873,639,600,535,515,533,326,285,225,117,46.3,1030,275,276,124,84.1,46.2,33.3,198,121,123,36.3,30,32,29.8,23.7,42.6,36.4,311,297
1790,794,557,579,467,456,427,283,234,193,103,53.8,1110,176,199,106,74.4,54.9,32,181,145,130,41.9,34.8,95.1,109,63.8,54.6,47.8,433,392
2380,940,671,646,566,566,561,384,340,275,144,66.9,1460,275,261,186,117,74.3,57.3,199,134,123,42.6,33.7,46.4,48.5,41.5,106,109,574,516
1910,752,570,579,514,499,456,317,282,198,83,47.7,1170,210,181,78,69.3,35.4,25.8,155,124,125,24.3,16.1,27.5,26.6,21.9,62.3,59,398,410
2060,882,627,591,503,502,478,317,254,211,139,69.4,1250,206,183,71.9,62.9,30.9,21.2,170,125,117,33.6,23.9,27.7,28.4,26.5,79.5,77.8,456,451
1870,626,443,440,378,369,353,207,180,143,57.8,32.3,1170,175,155,71.3,60.3,23.8,17.5,144,125,119,35,24.7,36.3,34.3,27.7,75.5,70.8,505,481
1420,567,408,422,353,341,318,225,182,130,32,15.1,864,167,146,76.5,67.3,32,23.4,106,76,67.9,36.7,24.9,31.1,30.8,22.8,33,26.6,237,231
1200,437,322,352,268,255,234,165,132,110,47,33.5,736,139,108,31.1,33.5,19.7,15.7,101,77,77.2,34.3,25.5,31.2,26,21.3,30.2,22.5,219,226
1250,470,345,355,303,299,290,173,138,102,30.7,12.6,796,135,120,40.5,41.7,20.7,16.7,135,106,121,20.8,12.9,17.7,17.6,12.8,25.2,19,208,196
3590,1150,822,787,671,646,660,359,314,273,98,64.5,2400,344,322,180,120,87.9,75.4,289,242,224,80,66.5,74.5,58.4,54.9,456,502,1550,1670
3520,1480,1130,1100,1030,1070,1020,528,541,473,323,144,2160,566,566,486,356,283,264,623,463,370,43.6,31.5,44.2,41.1,35.8,183,201,1030,850
3770,2110,1450,1380,1130,1170,1070,647,638,508,281,108,2370,668,653,444,282,230,201,612,393,340,110,97.9,147,103,84.3,126,121,715,700
3040,1690,1320,1270,1100,1070,1070,732,584,412,150,64.5,1460,412,410,227,131,99.3,74.8,359,267,220,116,100,89.2,80.2,49.5,77,60.1,454,463
1720,686,479,481,430,450,440,269,234,215,126,63.1,1070,199,189,99.2,59.6,29.9,23.9,166,122,120,28.7,17.9,22.7,19.7,16.3,65,52.4,459,437
2720,816,587,559,483,477,465,261,230,194,57.3,37.6,1830,282,245,114,66.8,36.5,29.1,186,168,163,45.6,34.2,34,30.6,24.5,70,62.7,643,616
2170,817,581,530,464,467,477,258,228,178,82.2,47.1,1470,228,250,126,74.6,48.1,39.9,218,185,177,43.5,24.2,32.9,28.6,21.6,56,51,445,437
1850,610,415,377,315,315,301,196,172,124,27.9,14.8,1240,200,195,70.7,51,22.4,17.8,129,87.7,76.6,40.7,30.4,28,27.3,20.6,56.6,51.5,414,397
3530,1520,1120,1020,924,922,909,563,478,412,238,102,2030,487,469,359,217,181,156,403,316,268,60.8,51,132,126,91.9,169,178,804,731
1830,733,491,432,391,391,368,194,170,142,48.5,29.8,1090,211,203,76,64.8,29.6,23.9,153,123,115,32.6,22.3,59.7,55.1,30.1,59.7,54.3,417,410
1680,494,384,434,351,354,352,235,152,143,50.3,29.7,1070,177,167,69.7,51.3,28.9,23.5,102,84.3,87.8,56.6,47.8,35.1,37,22.2,69.7,56.5,501,465
1720,791,539,530,457,458,456,279,224,161,70.5,36.7,970,249,263,165,109,79.9,65,154,133,120,45.2,37.2,36.3,28.3,25.6,42.4,31.4,263,250
1930,713,528,506,436,439,414,222,200,169,93.8,61.2,1250,202,194,116,82,48.2,34.1,210,176,165,33.4,24.7,42.5,41.3,27.9,74,72.7,573,494
1920,824,555,574,490,485,465,258,211,158,90,45.6,1130,249,252,134,67.2,37.6,25.3,183,132,115,39.1,32.1,41.6,35.9,19.4,74.1,66.3,407,408
1700,513,344,365,307,313,296,171,161,134,72.5,41.2,1090,179,160,79.6,65.6,34.4,23.9,125,96.3,107,29.1,19.3,23.5,21.8,18.3,55.3,53.8,358,352
2440,1180,777,660,533,517,479,248,195,185,63.2,27,1260,290,301,117,75.2,43.4,34.8,168,146,131,56.9,49.8,75.7,53.1,31.3,66.5,57.9,376,355
3640,1430,1060,929,952,972,1050,533,494,410,310,152,2870,533,491,373,241,194,193,546,442,379,31,22.1,25.2,22.6,22.7,293,264,1300,1370
4380,1500,1110,1000,968,977,938,485,440,343,268,96,3250,438,421,287,163,136,118,539,377,309,46.3,38.9,53.9,56.6,48,281,271,1490,1200
2160,754,503,482,400,409,400,179,148,122,67.2,36,1420,230,234,98.8,65.1,35,29.1,158,141,137,47.4,41.2,29.4,28.5,25.2,87.7,74.3,677,582
2010,601,450,437,379,383,360,204,170,144,88.5,48.6,1410,173,167,97,68.7,37.7,25.8,156,136,141,39.9,29.1,46.7,46.8,31.9,82,74.3,510,477
1470,493,353,362,297,329,317,174,132,120,100,56.9,1010,173,165,60,49.3,32.6,23.6,133,120,128,25.1,16.1,27.3,23.2,20.7,42.2,38.3,337,296
1610,482,350,379,286,311,293,153,121,102,58.2,37.5,1090,177,171,69.7,48.2,18.9,14.7,133,124,124,27.9,20.9,42.6,44.8,31.6,37,34.9,297,265
1740,375,284,311,236,251,245,127,107,88.8,44,28.2,1330,132,129,49,39.7,21.3,16.4,116,104,95.6,25,16,22.9,20.3,15.3,72.5,64.7,471,452
1400,371,239,297,191,208,185,99.6,82.4,58.7,24.2,14.1,975,155,149,44.7,32.5,19.4,15.2,81.3,62.7,62.7,24.7,16.4,26.6,23.9,20.8,53,44.2,327,286
1400,391,265,293,222,225,207,121,104,77.4,38.9,24.4,985,145,135,63.2,51.6,21,15.2,86.6,69,66.7,25.1,16.7,23.5,21.3,16.6,49,36.9,331,324
2400,967,675,600,488,497,494,294,262,215,151,63,1550,308,313,248,118,81.1,54,191,124,118,59.3,49.4,61,56.9,48.1,106,98.7,620,566
2040,581,369,366,310,324,304,155,138,115,88.3,46.2,1450,209,206,151,98.6,63.9,51.6,146,132,130,26.8,18.8,25.4,23.7,16.9,130,123,691,617
1390,523,337,341,318,321,311,155,151,133,126,70.4,936,167,161,81.2,71.5,54.3,35.4,136,133,144,22.3,14.8,25.4,24.6,20.3,60.6,50.2,398,394
1520,396,252,274,199,207,196,106,80.5,66.3,38.6,23.5,1070,128,134,56.9,44.8,33,28.6,93.1,77,80.4,32.3,24.1,20.5,20.1,14.9,80.9,70.6,440,443
1640,498,318,322,246,250,229,114,108,72.9,37.8,21.1,1190,199,186,93.9,72,44.9,35.2,111,94.8,99.6,31.8,22,34.6,27,15.9,61.8,55,427,410
1320,338,237,279,177,192,176,113,97.3,73.9,33.5,20,934,108,96.6,31.6,29.7,23,17.8,65.9,43.7,43.5,33.5,22.7,20.1,18.1,12.7,46.2,40.1,333,336
1860,515,321,296,253,262,247,123,104,82.8,59.3,39.2,1270,185,184,106,91.9,62,52.4,122,103,94.9,25.2,17.8,31.8,31.1,23.7,95.4,85.7,553,546
1400,383,243,269,195,200,192,120,83.6,74.8,35.9,22.3,965,138,123,81.7,54.9,33.8,25.3,91.4,74.3,73.1,27.7,18.2,24.6,24.4,17.6,51,45.4,351,365
3550,1390,1000,964,820,798,765,371,344,288,168,92.1,2090,404,358,216,104,78.9,72.2,452,339,338,65.2,52.2,63.4,52.8,39.2,94.4,89.1,612,595
2480,844,595,552,501,494,484,293,260,223,110,52.5,1550,264,274,199,119,81.9,61.1,203,146,135,31,21.1,27,23.8,15.2,110,90,873,802
2450,1100,768,803,724,714,678,358,349,293,176,78.1,1420,321,321,218,112,81.4,64.3,315,231,219,41,27.8,31.4,27.7,19.9,114,105,516,496
2590,1170,845,856,778,769,721,385,358,287,171,71.8,1510,325,317,193,91.5,61.2,44.9,365,248,214,47.6,33.1,35.3,29.7,22,59.5,58.6,442,439
2450,1040,723,717,628,598,549,311,254,185,72.1,45.7,1460,318,300,200,111,77.7,57.1,215,164,154,52.1,45.2,43.6,40.9,27.6,95.5,76.4,575,565
1560,633,461,440,405,385,362,206,151,150,67.9,44.3,946,193,172,75.1,47.4,24,17.2,137,128,122,28.8,19.8,24.2,22,15.2,33.2,30,306,316
1540,495,347,360,283,269,259,143,127,94.1,28.4,17.3,1010,161,160,59.2,41.6,21.2,15.8,107,83.2,78.8,25.4,15.6,28.9,30.4,20.3,55.6,47.2,448,422
1690,557,400,390,340,340,337,191,169,139,71.1,35.5,1100,177,162,64,46.8,24.2,16.9,135,106,101,27.5,18.7,22.5,17.8,13.3,53.6,47,400,372
1780,676,437,421,376,357,334,165,139,109,41.9,27.2,1110,230,224,98.1,60.5,34.9,24.3,172,127,120,24.6,15.2,20.7,17.7,12,46.4,42,350,344
3480,1720,1340,1340,1320,1340,1270,719,740,590,394,221,2020,386,388,248,144,122,105,889,564,462,36.5,26.7,34.1,36.1,25,151,141,749,673
2430,1210,848,885,781,779,773,454,401,330,267,110,1540,321,312,231,134,105,86.8,307,240,234,38,29.8,42.6,41.8,40.2,104,88.1,642,585
2300,1210,877,846,752,757,772,523,478,397,198,68.8,1340,294,300,214,109,71.1,61.8,271,186,173,33.7,23.2,35.8,31.8,25,72.7,61.3,402,403
2180,819,616,611,556,536,519,251,222,194,131,44,1310,223,243,140,73.8,45.6,35.9,264,178,163,30.7,22.8,20.7,18.8,14.8,68.7,59.6,423,435
2350,1100,774,784,684,658,648,334,294,247,185,108,1270,267,271,152,99.6,69.1,59.4,305,249,250,50.3,40.6,44.7,51.4,38.1,97.1,82.3,410,408
1880,637,421,412,354,336,325,146,132,100,41.9,22.4,1160,267,252,178,102,72.8,60.3,164,121,113,23.2,15.2,24,14.8,16.3,53.8,47.2,416,422
2440,1130,701,615,548,521,488,232,187,154,60.7,29.3,1320,335,324,131,75.9,47.4,34.6,173,143,127,32.4,24.3,24.7,22.3,16.5,56.6,53.8,364,346
1780,698,513,561,456,432,417,234,198,177,111,58.2,1110,213,206,107,80.5,52.7,43.5,180,143,145,38.8,30,23.8,21.9,20.5,55.4,47.2,430,443
1360,503,308,332,256,251,237,145,139,95.7,32.3,18.5,866,177,177,67.9,41,24.2,15.4,110,80.4,56.5,22.2,14.5,25.7,24.8,14.7,50.4,47.1,322,293
3720,1530,1010,1060,936,936,907,482,479,407,303,130,2540,447,472,338,204,169,162,439,368,350,39.7,34.3,45.1,48.8,40.8,262,241,1220,1070
3650,1430,1070,1090,922,911,917,551,538,402,240,107,2350,380,341,270,121,75.9,63.8,428,288,258,45.1,37.8,79.3,85.2,64.5,167,156,833,785
1490,488,342,343,237,239,222,120,100,69.9,25.6,12.7,1020,162,149,57,39.5,20.7,16.6,107,82.3,75.9,25.1,16.7,65.7,77,62.7,37.2,30.1,284,258
2480,751,574,569,491,482,465,280,271,230,137,72.5,1760,211,212,141,62.9,30.6,31.6,204,197,198,59.5,58.9,32.8,29.3,20.9,144,125,896,701
1900,581,420,418,320,315,298,160,117,84.4,32.5,16.6,1300,202,198,75.8,47,24.4,21.3,127,113,97.7,54.2,53.9,37.7,32.5,23.1,40.1,37.2,356,366
2390,794,510,508,423,403,393,212,194,152,72.2,32.3,1570,262,249,104,54.5,27.1,30.2,174,164,149,35.8,27.3,31.4,26.4,18.5,68.1,50.5,504,505
2170,767,593,586,506,486,494,281,259,194,123,66.4,1410,183,175,67.9,44.4,28.9,17.5,212,142,138,41.4,30.5,38.8,35.9,30.7,78.4,70.3,506,486
1780,551,399,421,339,330,320,185,149,112,64.1,34.9,1260,169,166,89.7,58.1,29.2,27.7,135,116,107,26.5,18.5,31.3,24.9,29.7,82.7,71.7,361,387
1370,457,283,268,200,188,171,115,98.3,60.8,16.6,11,890,170,146,50.1,35,20.5,17.3,74.4,54.8,53.7,23.3,14.3,34.4,22,16.9,37.4,31.1,240,257
7290,2860,2290,2270,1660,1680,1560,979,946,702,563,232,5210,577,578,394,262,217,165,882,607,513,159,148,520,589,462,532,552,2530,2150
2230,1030,852,842,666,637,633,456,415,276,154,60.8,1440,201,202,88.5,56.6,37.3,23.9,158,85.6,86.3,104,94.5,74.5,73.8,63.7,127,123,704,697
2410,971,758,765,623,584,537,334,310,235,166,55.6,1420,210,230,122,83,54.1,37.1,249,173,159,56.1,46.4,63.9,65.3,44.6,89.6,74.1,622,538
2550,1280,843,793,624,590,556,337,287,196,108,50.6,1190,296,269,119,61.8,39.4,32.7,156,127,121,65.7,50.8,74.7,70.2,53.7,74.8,68.8,502,491
1790,737,526,591,442,409,393,233,182,128,56.6,34.1,1150,162,162,62.6,43.5,24.6,14.8,158,123,111,54.2,43.6,61.4,53.7,26.2,61.9,54.5,396,343
1640,669,462,501,406,386,381,209,180,140,111,62.1,1010,188,184,97.2,58,35.1,23,165,127,130,35.8,25.4,36.6,31.3,24.6,63.5,56.3,383,375
1660,871,606,603,539,525,520,317,275,166,92.7,32.9,892,263,268,157,81.9,64.9,52.5,189,128,122,30,18.5,24.2,21.3,17.1,48.7,46.8,252,316
1870,904,652,710,564,527,497,315,295,209,80,45.4,929,220,214,76.5,46.7,24.9,17.8,140,108,100,59.2,40.5,72.3,69.5,44.8,35.2,33.1,299,287
1410,453,322,286,283,281,263,140,127,77.5,41.4,16.9,937,152,130,54.3,44.6,27.8,19.9,121,85.7,74.2,24.7,14.8,19.3,18,11.9,39.7,30.6,436,429
1640,486,359,364,279,255,248,155,122,87.6,32.4,21.9,1070,136,137,55.7,40.7,25.3,19.3,110,77.6,86.5,33.1,20.7,30.2,26.5,20.6,51,55.1,403,392
1770,547,410,411,341,327,313,180,151,121,47.7,30,1170,163,162,69.3,42.3,20.8,14.6,155,94.9,84.8,33.8,22.4,27.8,27.9,20.4,39.1,38.1,374,354
1310,422,304,321,232,217,208,134,117,77.7,29.9,18.1,884,121,116,40.9,32.8,21.7,15.9,73.4,47.1,59.2,33.4,22.1,17.8,18.3,12.5,42.5,40.6,336,341
1170,387,277,326,233,253,236,159,134,80.6,19.2,8.94,827,99.5,89.4,27.7,27.4,21.8,17.4,63.1,32.8,38.3,21.5,12.2,13.5,13,9.33,37.7,36.8,329,320
980,297,219,206,161,180,181,110,86.6,61.4,35.1,21.9,678,95.1,90.5,27.9,31.2,25.7,18.7,79.4,58.5,65.4,19.6,9.43,13.6,16.3,9.95,36.2,35.2,249,272
978,289,187,227,145,138,127,86.5,71.8,45.5,11.5,5.83,690,104,90.1,26.8,27.7,21.2,16.4,44.8,33.8,30.6,19.8,10.1,13.7,14.7,8.16,21.4,17.7,215,209
1010,322,197,231,167,155,146,84.2,74.7,44.7,14,7.4,709,113,95.2,33.6,23,17.8,14.6,53.2,38.4,37.4,19.6,11.4,15,13.1,9.07,20,18.3,249,232
2790,1180,804,740,639,633,650,375,375,315,228,100,1870,350,364,309,199,152,130,338,267,237,31.1,21.7,59.4,56,40.4,179,152,989,888
1780,537,404,437,354,363,344,212,216,174,118,55.4,1300,137,146,77.1,66.2,23.8,22.8,159,134,144,31.7,23.3,27.9,25.1,19,148,124,721,628
1950,730,484,445,392,402,414,254,239,167,77.7,41.1,1240,248,254,188,99.2,69.9,50.8,181,133,113,37.4,27.1,29.1,28.9,12.1,72.2,69.4,655,633
2610,848,534,535,481,464,441,210,192,145,75.1,44.2,1720,244,263,117,73.3,37.6,28.9,239,229,229,26.9,17.7,28,25.8,19.4,80.2,72.5,750,688
1360,439,327,344,271,271,261,136,123,98.7,70.7,35.2,932,132,132,52.1,45.9,35.5,21.8,124,97.5,91,27.5,19.6,19.8,18.9,11.9,103,100,523,521
2090,637,436,491,403,406,383,233,222,169,96.5,48.7,1560,169,170,86.8,59.6,34.1,23.8,161,121,121,46.7,36.2,26.2,24.2,18.1,63.8,64.4,513,499
2000,548,347,367,284,280,277,143,121,99.9,54.3,26,1500,171,171,87.4,68.6,35.9,20,155,130,134,26.7,16.9,20.4,18.3,14.1,87.6,85.1,554,517
1440,519,275,252,212,209,202,108,93.9,68.2,26.2,14.2,870,192,185,79.3,57.1,26.8,17.3,90.6,64.6,65.3,23.2,14.7,14.3,13.3,9.6,34.5,34.3,305,290
5280,2630,1880,1800,1750,1790,1720,918,904,862,764,363,3830,904,794,926,436,410,409,1300,863,743,84.3,75.5,74.9,64.7,43.4,141,140,1160,995
4210,1030,691,632,558,554,553,339,317,251,141,60.6,3580,353,382,321,210,160,153,306,200,190,32.5,19.2,53.7,47,41.6,385,370,2050,1710
2060,572,425,460,337,340,313,207,187,126,64.7,37.2,1420,197,182,88.5,59.2,27.3,20.1,155,101,92.7,39.2,30.3,44.4,42.8,32.9,135,126,717,638
1620,753,566,579,512,499,435,318,311,231,126,50.6,911,237,219,103,57.6,20.6,16.9,182,102,100,27.4,17.6,33.1,32.4,27.4,39.9,40.3,341,339
1550,589,418,426,351,356,339,196,178,151,73.1,31.6,909,183,196,113,78.3,50.3,27,193,124,101,41.2,29.2,28.8,24.3,19.4,76.2,71.1,403,372
1990,642,464,433,372,367,343,196,171,119,49.4,35.1,1260,179,168,72.3,52.2,20.3,16.8,166,121,116,30.6,18.6,29.8,28,24.1,61.9,55.1,469,423
1530,524,350,390,297,301,273,186,162,114,49.6,23.1,987,184,177,84.5,63.9,43.6,18.2,117,65.8,65.8,29.7,20,26.4,23.9,19.3,40.7,42.3,387,339
3230,1590,1210,1120,803,748,663,395,323,261,99.4,42.8,1650,314,282,169,112,74.5,57.6,220,185,173,181,159,105,100,89.7,112,118,686,665
3210,1040,708,734,599,589,548,308,289,248,186,68.7,2390,336,328,269,191,150,118,220,179,176,44.3,40.2,71,69.6,64.1,333,326,1560,1440
2060,932,705,736,628,613,591,379,339,264,178,68.4,1150,243,253,162,93.2,58.9,39.7,219,162,165,58.4,56.5,66,56.9,47.3,85.9,83,446,451
2360,707,460,480,348,332,310,159,130,101,32.5,16.5,1490,242,231,117,94.3,58.3,43.6,150,127,129,71.2,53.6,57.1,49.2,53.2,66.5,74.1,601,608
2160,672,499,477,398,384,364,188,159,120,45.6,27,1400,177,164,71.7,56.5,30.5,19.2,168,149,152,56.5,42.7,55.5,52.9,48.7,54.2,58.2,610,620
1680,553,407,420,304,299,286,182,151,120,61,26.2,1090,176,166,85.3,55.1,24.2,18.1,115,85.3,84.8,57,46.5,28.9,26,23,54.2,56.4,454,437
1800,743,484,478,391,391,359,189,172,127,61.9,20.8,1080,224,221,82.2,54.7,33.8,21.1,177,127,123,34.5,26,42.3,38.4,32.4,57.9,56.2,363,384
1240,373,275,303,209,224,214,144,120,104,49.4,22.8,823,119,111,33.8,34.2,22.1,18,96.7,59.5,53.3,29,20.3,26.1,25.7,29.1,41.2,35.3,312,286
1380,461,306,306,235,237,220,126,104,82.1,25.8,10.8,866,155,125,50.1,40.4,19.6,16,96.3,63.5,65.9,33.1,23,24.9,21.1,17.1,32.8,32.9,300,277
2630,1000,730,747,659,635,592,365,342,290,199,77.9,1720,260,262,197,117,66.8,54.7,247,189,182,49.6,44.2,69.7,63.9,62.7,182,176,989,957
1590,943,692,732,673,660,618,431,411,295,142,63,833,217,244,108,72,34.7,21.8,195,124,125,45.6,37.2,24.1,20.3,15.4,28.5,28.1,223,244
1460,677,515,546,404,388,335,229,195,150,75.4,30.4,888,170,164,62,49.4,25,19.8,132,84.3,94.8,65.5,59.2,42.7,40.3,36.9,46.9,44.2,312,318
2090,1260,880,755,652,622,498,303,248,184,68.9,34.4,975,229,206,70,53.9,22.1,16.3,157,114,113,58.3,42,28.3,24.5,19.2,48.9,46.5,281,280
1540,894,694,701,572,546,496,316,282,167,87.2,36.9,851,202,199,74,52.4,26.5,20,215,104,93.3,47.4,38,64.2,49,46,32,29.9,252,265
1860,688,512,533,490,475,460,276,245,203,135,55.9,1170,207,204,108,67.4,35.2,26.8,184,121,128,31.9,20.9,17.3,14.3,10.3,80.6,84.7,400,453
1530,591,467,491,396,378,348,238,185,142,64.7,39,954,145,146,70.3,60.8,45.8,33.2,150,124,118,40.1,31.2,26.1,24.5,19.2,55.2,59.7,355,377
1250,618,454,488,420,415,390,231,192,154,106,49.5,743,160,164,60.6,47.5,30.3,19.2,153,95.4,97.3,36.1,24.7,32.2,26.4,22.1,36,39.4,267,279
1360,561,394,420,329,323,313,197,147,103,35.6,18.5,843,180,188,73.1,57.2,26.7,19.2,119,78.2,79.4,40,31.8,25.2,22.3,17.6,35.7,37.8,279,296
2800,1250,849,840,782,798,798,390,353,272,237,120,1810,354,338,271,180,138,131,429,299,269,37,29,35.3,29.4,26.8,79.8,61.3,532,517
2590,981,661,600,516,541,560,336,322,255,141,67.2,1790,315,329,263,158,100,77.3,268,190,167,36,27.7,22.6,22.6,17.6,127,102,822,813
2420,934,704,707,644,633,564,301,299,240,189,104,1480,283,260,153,101,62.2,49.7,323,286,293,30.5,21.6,28.4,24.5,21.8,154,132,626,636
2220,781,567,547,454,457,431,200,180,126,63.8,40.4,1490,196,200,93.7,74.6,34,30.2,233,187,193,43.6,36.4,28,27.3,22.9,96.7,76.5,501,506
2220,707,492,473,385,383,358,198,165,119,64,39.3,1500,222,221,106,88.9,46.5,36.6,171,133,144,38.5,26.3,29.4,25.8,19.1,81.6,63.9,518,493
1780,534,379,399,307,326,303,151,125,89.4,42.6,28.4,1230,160,162,71.1,57,25.3,21.4,163,140,152,30.9,21.6,23.1,22.2,16.6,70.7,55.6,428,431
1520,528,332,357,270,293,280,142,124,88.4,53.8,35.8,997,214,194,103,80,42.5,30.3,147,109,108,29,20,19.8,16.5,13.6,53.9,49.5,312,306
1570,604,358,393,295,305,279,162,147,109,57.2,29.2,1020,237,241,126,89.7,47.6,35.1,156,123,124,28,19.4,21,18.4,13.2,53.4,41.6,373,354
1740,537,384,420,314,332,308,159,140,92.7,45.2,23.6,1210,173,168,83.5,65.6,31.4,27.7,173,125,121,33.4,24.6,29.3,24.4,19.8,51.9,42.6,367,370
3800,1480,1040,953,882,871,906,518,476,337,229,84.9,2570,571,528,392,236,223,141,446,257,263,40.7,29.3,78.6,72.3,52.8,201,222,1380,1220
3030,1210,879,812,630,592,586,442,403,316,133,79.2,1760,323,324,211,122,82.8,56.4,165,125,126,95.7,93.2,92.5,90,75.7,142,144,904,866
2310,704,408,421,364,352,337,178,175,133,91.4,44.4,1570,272,275,181,121,89.3,70.2,147,128,142,30.2,21.7,33.7,31.7,25.6,159,150,921,997
2800,893,552,550,446,420,394,221,211,159,85,48.5,1580,328,312,161,108,77.5,60.7,162,144,148,52.2,34.9,76.1,69.8,52.6,120,112,756,716
1630,539,402,442,342,320,311,200,185,143,88.8,44.6,1050,155,138,66.6,48.6,22,17.8,144,105,108,33.7,23.8,32.1,28.8,24.6,85.3,75,438,478
1290,374,236,289,187,173,157,98.9,92.2,61.7,22.8,10.7,857,138,125,51.3,34.2,25.3,18.1,68.4,47.9,47.2,23.4,13.8,33.7,32.1,23.9,71.9,72.9,451,475
1620,525,333,356,267,257,242,157,150,96,49.8,31.2,1020,204,196,104,61.9,35.8,29.2,98.7,90.4,92.6,26.8,17.1,34.2,30.8,27.2,66,66.5,422,419
4930,1970,1390,1370,1160,1170,1070,626,519,374,299,111,3650,726,655,450,294,233,215,639,412,340,97.6,82.9,166,138,133,463,416,2080,2010
3690,1980,1420,1490,1320,1250,1230,785,664,475,381,150,1620,593,611,352,184,94.3,102,566,382,320,75.3,66.2,107,97.5,82.2,99.7,95.7,497,504
2960,1050,712,814,685,729,813,502,496,411,346,138,1740,322,324,284,234,153,156,342,279,288,76.6,71.6,68,66.7,61,188,171,707,773
3020,1360,944,991,886,891,852,596,588,444,203,72.8,1710,336,326,197,105,64.2,52.5,266,198,199,52,34.5,54.3,43.3,32.6,85.6,79.2,549,544
3420,1390,817,904,769,765,712,412,367,273,213,81.5,2090,426,526,383,201,125,118,320,228,209,51.6,44.9,73.6,66.3,50.9,144,134,855,755
2370,1030,661,661,548,542,500,249,208,144,56.6,29.8,1130,287,276,117,65.4,23,29.1,174,133,140,65,57.2,96.3,98.7,72.3,67.6,64.7,352,347
1760,521,293,316,245,268,244,139,125,85.9,32.4,14,1200,189,150,56.7,40,28,18.3,106,71.7,87.4,28.4,15.7,30.3,31.4,24.5,87.7,72.3,520,495
1970,658,425,468,363,379,339,217,207,142,91.3,33.6,1300,255,215,189,99.9,51.1,40.6,158,107,111,37.2,24.1,47.2,38,40,73.8,69.2,462,470
